source,target,relType,properties
0,100,CONNECTED_TO,"{
  since: 1760181252686
}"
1,100,CONNECTED_TO,"{
  since: 1760181252686
}"
2,100,CONNECTED_TO,"{
  since: 1760181252686
}"
3,100,CONNECTED_TO,"{
  since: 1760181252686
}"
4,100,CONNECTED_TO,"{
  since: 1760181252686
}"
5,100,CONNECTED_TO,"{
  since: 1760181252686
}"
6,100,CONNECTED_TO,"{
  since: 1760181252686
}"
7,100,CONNECTED_TO,"{
  since: 1760181252686
}"
8,100,CONNECTED_TO,"{
  since: 1760181252686
}"
9,100,CONNECTED_TO,"{
  since: 1760181252686
}"
10,101,CONNECTED_TO,"{
  since: 1760181252686
}"
11,101,CONNECTED_TO,"{
  since: 1760181252686
}"
12,101,CONNECTED_TO,"{
  since: 1760181252686
}"
13,101,CONNECTED_TO,"{
  since: 1760181252686
}"
14,101,CONNECTED_TO,"{
  since: 1760181252686
}"
15,101,CONNECTED_TO,"{
  since: 1760181252686
}"
16,101,CONNECTED_TO,"{
  since: 1760181252686
}"
17,101,CONNECTED_TO,"{
  since: 1760181252686
}"
18,101,CONNECTED_TO,"{
  since: 1760181252686
}"
19,101,CONNECTED_TO,"{
  since: 1760181252686
}"
20,102,CONNECTED_TO,"{
  since: 1760181252686
}"
21,102,CONNECTED_TO,"{
  since: 1760181252686
}"
22,102,CONNECTED_TO,"{
  since: 1760181252686
}"
23,102,CONNECTED_TO,"{
  since: 1760181252686
}"
24,102,CONNECTED_TO,"{
  since: 1760181252686
}"
25,102,CONNECTED_TO,"{
  since: 1760181252686
}"
26,102,CONNECTED_TO,"{
  since: 1760181252686
}"
27,102,CONNECTED_TO,"{
  since: 1760181252686
}"
28,102,CONNECTED_TO,"{
  since: 1760181252686
}"
29,102,CONNECTED_TO,"{
  since: 1760181252686
}"
30,103,CONNECTED_TO,"{
  since: 1760181252686
}"
31,103,CONNECTED_TO,"{
  since: 1760181252686
}"
32,103,CONNECTED_TO,"{
  since: 1760181252686
}"
33,103,CONNECTED_TO,"{
  since: 1760181252686
}"
34,103,CONNECTED_TO,"{
  since: 1760181252686
}"
35,103,CONNECTED_TO,"{
  since: 1760181252686
}"
36,103,CONNECTED_TO,"{
  since: 1760181252686
}"
37,103,CONNECTED_TO,"{
  since: 1760181252686
}"
38,103,CONNECTED_TO,"{
  since: 1760181252686
}"
39,103,CONNECTED_TO,"{
  since: 1760181252686
}"
40,104,CONNECTED_TO,"{
  since: 1760181252686
}"
41,104,CONNECTED_TO,"{
  since: 1760181252686
}"
42,104,CONNECTED_TO,"{
  since: 1760181252686
}"
43,104,CONNECTED_TO,"{
  since: 1760181252686
}"
44,104,CONNECTED_TO,"{
  since: 1760181252686
}"
45,104,CONNECTED_TO,"{
  since: 1760181252686
}"
46,104,CONNECTED_TO,"{
  since: 1760181252686
}"
47,104,CONNECTED_TO,"{
  since: 1760181252686
}"
48,104,CONNECTED_TO,"{
  since: 1760181252686
}"
49,104,CONNECTED_TO,"{
  since: 1760181252686
}"
50,105,CONNECTED_TO,"{
  since: 1760181252686
}"
51,105,CONNECTED_TO,"{
  since: 1760181252686
}"
52,105,CONNECTED_TO,"{
  since: 1760181252686
}"
53,105,CONNECTED_TO,"{
  since: 1760181252686
}"
54,105,CONNECTED_TO,"{
  since: 1760181252686
}"
55,105,CONNECTED_TO,"{
  since: 1760181252686
}"
56,105,CONNECTED_TO,"{
  since: 1760181252686
}"
57,105,CONNECTED_TO,"{
  since: 1760181252686
}"
58,105,CONNECTED_TO,"{
  since: 1760181252686
}"
59,105,CONNECTED_TO,"{
  since: 1760181252686
}"
60,106,CONNECTED_TO,"{
  since: 1760181252686
}"
61,106,CONNECTED_TO,"{
  since: 1760181252686
}"
62,106,CONNECTED_TO,"{
  since: 1760181252686
}"
63,106,CONNECTED_TO,"{
  since: 1760181252686
}"
64,106,CONNECTED_TO,"{
  since: 1760181252686
}"
65,106,CONNECTED_TO,"{
  since: 1760181252686
}"
66,106,CONNECTED_TO,"{
  since: 1760181252686
}"
67,106,CONNECTED_TO,"{
  since: 1760181252686
}"
68,106,CONNECTED_TO,"{
  since: 1760181252686
}"
69,106,CONNECTED_TO,"{
  since: 1760181252686
}"
70,107,CONNECTED_TO,"{
  since: 1760181252686
}"
71,107,CONNECTED_TO,"{
  since: 1760181252686
}"
72,107,CONNECTED_TO,"{
  since: 1760181252686
}"
73,107,CONNECTED_TO,"{
  since: 1760181252686
}"
74,107,CONNECTED_TO,"{
  since: 1760181252686
}"
75,107,CONNECTED_TO,"{
  since: 1760181252686
}"
76,107,CONNECTED_TO,"{
  since: 1760181252686
}"
77,107,CONNECTED_TO,"{
  since: 1760181252686
}"
78,107,CONNECTED_TO,"{
  since: 1760181252686
}"
79,107,CONNECTED_TO,"{
  since: 1760181252686
}"
80,108,CONNECTED_TO,"{
  since: 1760181252686
}"
81,108,CONNECTED_TO,"{
  since: 1760181252686
}"
82,108,CONNECTED_TO,"{
  since: 1760181252686
}"
83,108,CONNECTED_TO,"{
  since: 1760181252686
}"
84,108,CONNECTED_TO,"{
  since: 1760181252686
}"
85,108,CONNECTED_TO,"{
  since: 1760181252686
}"
86,108,CONNECTED_TO,"{
  since: 1760181252686
}"
87,108,CONNECTED_TO,"{
  since: 1760181252686
}"
88,108,CONNECTED_TO,"{
  since: 1760181252686
}"
89,108,CONNECTED_TO,"{
  since: 1760181252686
}"
90,109,CONNECTED_TO,"{
  since: 1760181252686
}"
91,109,CONNECTED_TO,"{
  since: 1760181252686
}"
92,109,CONNECTED_TO,"{
  since: 1760181252686
}"
93,109,CONNECTED_TO,"{
  since: 1760181252686
}"
94,109,CONNECTED_TO,"{
  since: 1760181252686
}"
95,109,CONNECTED_TO,"{
  since: 1760181252686
}"
96,109,CONNECTED_TO,"{
  since: 1760181252686
}"
97,109,CONNECTED_TO,"{
  since: 1760181252686
}"
98,109,CONNECTED_TO,"{
  since: 1760181252686
}"
99,109,CONNECTED_TO,"{
  since: 1760181252686
}"
100,118,CONNECTED_TO,"{
  since: 1760181524034
}"
101,118,CONNECTED_TO,"{
  since: 1760181524034
}"
102,118,CONNECTED_TO,"{
  since: 1760181524034
}"
103,119,CONNECTED_TO,"{
  since: 1760181524034
}"
104,119,CONNECTED_TO,"{
  since: 1760181524034
}"
105,119,CONNECTED_TO,"{
  since: 1760181524034
}"
106,120,CONNECTED_TO,"{
  since: 1760181524034
}"
107,120,CONNECTED_TO,"{
  since: 1760181524034
}"
108,121,CONNECTED_TO,"{
  since: 1760181524034
}"
109,121,CONNECTED_TO,"{
  since: 1760181524034
}"
110,112,CONNECTED_TO,"{
  link: WAN Uplink,
  since: 1760263133952
}"
110,122,UPLINK_TO,"{
  purpose: core-uplink,
  since: 1760182331989
}"
110,124,UPLINK_TO,"{
  purpose: core-uplink,
  since: 1760182331989
}"
111,112,CONNECTED_TO,"{
  link: WAN Uplink,
  since: 1760263133952
}"
111,122,UPLINK_TO,"{
  purpose: core-uplink,
  since: 1760182331989
}"
111,124,UPLINK_TO,"{
  purpose: core-uplink,
  since: 1760182331989
}"
113,123,CONNECTED_TO,"{
  since: 1760181712924
}"
114,123,CONNECTED_TO,"{
  since: 1760181712924
}"
115,123,CONNECTED_TO,"{
  since: 1760181712924
}"
116,123,CONNECTED_TO,"{
  since: 1760181712924
}"
117,123,CONNECTED_TO,"{
  since: 1760181712924
}"
118,122,UPLINK_TO,"{
  since: 1760182330104
}"
118,124,UPLINK_TO,"{
  since: 1760182330104
}"
119,122,UPLINK_TO,"{
  since: 1760182330104
}"
119,124,UPLINK_TO,"{
  since: 1760182330104
}"
120,122,UPLINK_TO,"{
  since: 1760182330104
}"
120,124,UPLINK_TO,"{
  since: 1760182330104
}"
121,122,UPLINK_TO,"{
  since: 1760182330104
}"
121,124,UPLINK_TO,"{
  since: 1760182330104
}"
122,128,CONNECTED_TO,"{
  purpose: Traffic Inspection,
  since: 1760263404307
}"
124,128,CONNECTED_TO,"{
  purpose: Traffic Inspection,
  since: 1760263404307
}"
128,123,CONNECTED_TO,"{
  purpose: Server Network Access,
  since: 1760263404782
}"